{
    "scikit_learn_version": "1.8.0",
    "accuracy": 0.85,
    "precision": 0.8518518518518519,
    "recall": 0.8214285714285714,
    "f1_score": 0.8363636363636363,
    "auc_roc": 0.9375
}